Title;Author;Publisher;ReadSituation;Owner
Ölmeye Yatmak;Adalet Aðaoðlu;Everest;To-Read;Ege Balçýk
Bir Düðün Gecesi;Adalet Aðaoðlu;Everest;To-Read;Ege Balçýk
Hayýr;Adalet Aðaoðlu;Everest;To-Read;Ege Balçýk
Daðýnýk Zihin;Adam Gazzaley-Larry D. Rosen;Metis Yayýnlarý;To-Read;Ege Balçýk
Kaçýrdýklarýmýz;Adam Phillips;Metis Yayýnlarý;To-Read;Ege Balçýk
Yasak Olmayan Hazlar;Adam Phillips;Metis Yayýnlarý;To-Read;Ege Balçýk
Kolay Farsça Öðrenme 1;Ahmad Jabbari;Gece;To-Read;Ege Balçýk
Saatleri Ayarlama Enstitüsü;Ahmet Hamdi Tanpýnar;Dergah;To-Read;Ege Balçýk
Felatun Bey ile Rakým Efendi;Ahmet Mithat Efendi;Ýþ bankasý Kültür Yayýnlarý;To-Read;Ege Balçýk
Çingene;Ahmet Mithat Efendi;Ýþ bankasý Kültür Yayýnlarý;Read;Ege Balçýk
Köy Enstitüleri Dosyasý;Ahmet Özgür Türen;Destek;Read;Ege Balçýk
Feminizm Kendi Arasýnda;Aksu Bora;Ýletiþim;To-Read;Ege Balçýk
Kadýnlarýn Sýnýfý;Aksu Bora;Ýletiþim;To-Read;Ege Balçýk
Düþüþ;Albert Camus;Can Yayýnlarý;Read;Ege Balçýk
Yabancý;Albert Camus;Varlýk;Read;Ege Balçýk
Yasa Kitabý ve Yalanlar Kitabý;Aleister Crowley;Ýthaki;To-Read;Ege Balçýk
Bonzai;Alejandro Zambra;Notos;Read;Ege Balçýk
Kýzýl Yýldýz;Aleksandr Bogdanov;Yordam;Read;Ege Balçýk
Paranýn Ýcadý;Alessandro Marzo Magno;Tellekt;To-Read;Ege Balçýk
Üç Silahþörler;Alexandre Dumas;Alfa;Read;Ege Balçýk
Doðu'dan Uzakta;Amin Maalouf;YKY;To-Read;Ege Balçýk
Afrikalý Leo;Amin Maalouf;YKY;Read;Ege Balçýk
Semerkant;Amin Maalouf;YKY;Read;Ege Balçýk
Rus Düþünce Tarihi;Andrzej Walicki;Ýletiþim;To-Read;Ege Balçýk
Binbir Gece Masallarý 1;Anonim;Delta;To-Read;Ege Balçýk
Binbir Gece Masallarý 2;Anonim;Delta;To-Read;Ege Balçýk
Poetika;Aristoteles;Can Yayýnlarý;Read;Ege Balçýk
Nikomakhos'a Etik;Aristoteles;Say Yayýnlarý;Read;Ege Balçýk
Gülizar'ýn Kara Düðünü;Armenouhie Kevonian;Aras;Read;Ege Balçýk
Tekinsiz Öyküler;Arthur Conan Doyle;Ýthaki;To-Read;Ege Balçýk
Yüce Tanrý Pan;Arthur Machen;Ýthaki;Read;Ege Balçýk
Üç Sahtekar;Arthur Machen;Ýthaki;To-Read;Ege Balçýk
Favorite Russian Fairy Tales;Arthur Ransome;Dover;Read;Ege Balçýk
Ben Sana Mecburum;Attila Ýlhan;Ýþ bankasý Kültür Yayýnlarý;Read;Ege Balçýk
Faþizm ve Kapitalizm;August Thalheimer-Otto Bauer-Arthur Rosenberg-Angelo Tasca;Ayrýntý;To-Read;Ege Balçýk
Vefailik, Bektaþilik, Kýzýlbaþlýk;Ayfer Karakaya-Stump;Ýstanbul Bilgi Üniversitesi Yayýnlarý;To-Read;Ege Balçýk
Kapak Kýzý;Ayfer Tunç;Can Yayýnlarý;To-Read;Ege Balçýk
Suzan Defter;Ayfer Tunç;Can Yayýnlarý;Read;Ege Balçýk
Beyaz Yakalý Eþcinseller;Aysun Öner;Ýletiþim;To-Read;Ege Balçýk
Kanadalýlaþtýramadýklarýmýzdan Mýsýnýz?;Ayþe Acar;Karakarga;Read;Ege Balçýk
Vatandaþlýðýn Dönüþümü;Ayþe Kadýoðlu;Metis Yayýnlarý;To-Read;Ege Balçýk
Sevdalinka;Ayþe Kulin;Remzi;Read;Ege Balçýk
Homeros;Azra Erhat;Ýþ bankasý Kültür Yayýnlarý;To-Read;Ege Balçýk
Babürname;Babur Han;Kabalcý;To-Read;Ege Balçýk
Bizim Büyük Çaresizliðimiz;Barýþ Býçakçý;Ýletiþim;To-Read;Ege Balçýk
Türklük Sözleþmesi;Barýþ Ünlü;Dipnot;To-Read;Ege Balçýk
Feminizm Herkes Ýçindir;Bell Hooks;bgst;Read;Ege Balçýk
Gerçekten Bilmeniz Gereken 50 Felsefe Fikri;Ben Dupre;Domingo Yayýnlarý;To-Read;Ege Balçýk
Ýnanç ve Ýktidar;Bernard Lewis;Akýlçelen Kitaplar;To-Read;Ege Balçýk
Orta Doðu'da Irk Kavramý ve Kölelik;Bernard Lewis;Akýlçelen Kitaplar;To-Read;Ege Balçýk
ModernTürkiye'nin Doðuþu;Bernard Lewis;Arkadaþ;To-Read;Ege Balçýk
Haþhaþiler;Bernard Lewis;Kapý;Read;Ege Balçýk
Akýllý Bir Kadýna Rehber;Bernard Shaw;Alfa ;To-Read;Ege Balçýk
Batý Felsefesi Tarihi 1;Bertrand Russell;Alfa;To-Read;Ege Balçýk
Batý Felsefesi Tarihi 2;Bertrand Russell;Alfa;To-Read;Ege Balçýk
Batý Felsefesi Tarihi 3;Bertrand Russell;Alfa;To-Read;Ege Balçýk
Genetik 101;Beth Skwarecki;Say Yayýnlarý;To-Read;Ege Balçýk
Ne Kitapsýz Ne Kedisiz;Bilge Karasu;Metis Yayýnlarý;To-Read;Ege Balçýk
Göçmüþ Kediler Bahçesi;Bilge Karasu;Metis Yayýnlarý;Read;Ege Balçýk
Narla Ýncire Gazel;Bilge Karasu;Metis Yayýnlarý;Read;Ege Balçýk
Kýsmet Büfesi;Bilge Karasu;Metis Yayýnlarý;Read;Ege Balçýk
Decameron;Boccaccio;Oðlak Yayýnlarý;To-Read;Ege Balçýk
Dracula;Bram Stoker;Ýthaki;To-Read;Ege Balçýk
Elantris;Brandon Sanderson;Akýlçelen Kitaplar;Read;Ege Balçýk
Savaþkýran;Brandon Sanderson;Akýlçelen Kitaplar;Read;Ege Balçýk
Krallarýn Yolu;Brandon Sanderson;Akýlçelen Kitaplar;Read;Ege Balçýk
Parlayan Sözler;Brandon Sanderson;Akýlçelen Kitaplar;Read;Ege Balçýk
Oathbringer;Brandon Sanderson;Akýlçelen Kitaplar;To-Read;Ege Balçýk
Son Ýmparatorluk;Brandon Sanderson;Akýlçelen Kitaplar;Read;Ege Balçýk
Kuþatma;Brandon Sanderson;Akýlçelen Kitaplar;To-Read;Ege Balçýk
Arcanum Unbounded;Brandon Sanderson;Great Britain;To-Read;Ege Balçýk
Divanýmdaki Erkekler;Brandy Engler-D. Rensin;Ayrýntý;Read;Ege Balçýk
Leyla ile Mecnun;Burak Aksak;Küsurat;Read;Ege Balçýk
Sovyetler Birliði'nde Komünist Kadýn Hareketi 1919-1930;Burcu Özdemir;Yordam;To-Read;Ege Balçýk
Annemin Kaburgasý;Burçin Tetik;Ýletiþim;Read;Ege Balçýk
Filmlerle Sosyoloji;Bülent Diken-Carsten B. Laustsen;Metis Yayýnlarý;To-Read;Ege Balçýk
Güneþ Ülkesi;Campanella;Alfa;Read;Ege Balçýk
Etin Cinsel Politikasý;Carol J. Adams;Ayrýntý;To-Read;Ege Balçýk
Rüyadan Ýmparatorluða Osmanlý;Caroline Finkel;Timaþ Yayýnlarý;To-Read;Ege Balçýk
Kemalizm Sol Deðil;Cem Uzun;Mark-21;To-Read;Ege Balçýk
Kendine Ait Bir Roma;Cemal Kafadar;Metis Yayýnlarý;To-Read;Ege Balçýk
Ýki Cihan Aresinde;Cemal Kafadar;Metis Yayýnlarý;To-Read;Ege Balçýk
Kim var imiþ biz burada yoð iken;Cemal Kafadar;Metis Yayýnlarý;Read;Ege Balçýk
Sevda Sözleri;Cemal Süreya;YKY;Read;Ege Balçýk
Gün Olur Asra Bedel;Cengiz Aytmatov;Ketebe Yayýnlarý;To-Read;Ege Balçýk
Toprak Ana;Cengiz Aytmatov;Ötüken Neþriyat;Read;Ege Balçýk
Ýstanbul'da Bekar Kadýn Olmak;Ceren Lordoðlu;Ýletiþim;Read;Ege Balçýk
Büyük Umutlar;Charles Dickens;Can Yayýnlarý;To-Read;Ege Balçýk
Ýki Þehrin Hikayesi;Charles Dickens;Can Yayýnlarý;Read;Ege Balçýk
Müþterek Dostumuz 1;Charles Dickens;Ýthaki;Read;Ege Balçýk
Müþterek Dostumuz 2;Charles Dickens;Ýthaki;Read;Ege Balçýk
Jane Eyre;Charlotte Bronte;Can Yayýnlarý;Read;Ege Balçýk
Sarý Duvar Kaðýdý;Charlotte Perkins Gilman;Ýthaki;Read;Ege Balçýk
Kadýnlar Ülkesi;Charlotte Perkins Gilman;Ýthaki;Read;Ege Balçýk
Feminist Manifesto;Chimamanda Ngozi Adichie;Doðan Kitap;Read;Ege Balçýk
Pantolonun Politik Tarihi;Christine Bard;Sel Yayýncýlýk;To-Read;Ege Balçýk
Her Þey Bitmek Ýçin Baþlar;Cicero;Aylak Adam;Read;Ege Balçýk
Kurtlarla Koþan Kadýnlar;Clarissa P. Estes;Ayrýntý;To-Read;Ege Balçýk
Kadýn Çirkinliðinin Tarihi;Claudine Sagaert;Maya Kitap;To-Read;Ege Balçýk
Dokudünya;Clive Barker;Ýthaki;To-Read;Ege Balçýk
Cehennemlik Yürek;Clive Barker;Ýthaki;Read;Ege Balçýk
Weimar Cumhuriyeti'nin Kýsa Tarihi;Coline Storer;Ýletiþim;To-Read;Ege Balçýk
Evrim Kuramý ve Mekanizmalarý;Çaðrý Mert Bakýrcý;Ginko;To-Read;Ege Balçýk
Lise Öðretmeni Pedersenin Ülkemize Musallat Olan Büyük Siyasi Uyanýþa Dair Anlatýsý;Dag Solstad;YKY;To-Read;Ege Balçýk
Mahcubiyet ve Haysiyet;Dag Solstad;YKY;Read;Ege Balçýk
Bitkilerin Bildikleri;Daniel Chamovitz;Metis Yayýnlarý;Read;Ege Balçýk
Ýlahi Komedya 1;Dante Alighieri;Oðlak Yayýnlarý;Read;Ege Balçýk
Ýlahi Komedya 2;Dante Alighieri;Oðlak Yayýnlarý;Read;Ege Balçýk
Ýlahi Komedya 3;Dante Alighieri;Oðlak Yayýnlarý;To-Read;Ege Balçýk
Diktatörlük ve Demokrasinin Ekonomik Kökenleri;Daron Acemoðlu;Baðlam;To-Read;Ege Balçýk
Mikroekonomi;Daron Acemoðlu;Beta;To-Read;Ege Balçýk
Uluslarýn Düþüþü;Daron Acemoðlu;Doðan Kitap;To-Read;Ege Balçýk
Yeni Emperyalizm;David Harvey;Sel Yayýncýlýk;To-Read;Ege Balçýk
Kýzýl Bayrak;David Priestland;Ýletiþim;To-Read;Ege Balçýk
Hýz;Dee Jacob-Jeff Cox-Suzan Bergland;Optimist;To-Read;Ege Balçýk
Hürrem;Demet Altýnyeleklioðlu;Artemis Yayýnlarý;Read;Ege Balçýk
Felsefe Konuþmalarý;Denis Diderot;Ýþ bankasý Kültür Yayýnlarý;To-Read;Ege Balçýk
Ahraz;Deniz Gezgin;Can Yayýnlarý;To-Read;Ege Balçýk
Ben Murtaza;Deniz Tarsus;Alakarga;To-Read;Ege Balçýk
Empresyonistler;Diana Newall;Ýþ bankasý Kültür Yayýnlarý;Read;Ege Balçýk
Drawing Power;Diane Noomin;Abrams Comic Art;To-Read;Ege Balçýk
Tatar Çölü;Dino Buzzati;Ýletiþim;Read;Ege Balçýk
Ýçimizdeki Çocuk;Doðan Cüceloðlu;Remzi;Read;Ege Balçýk
100 Soruda Sosyoloji El Kitabý;Doðan Ergun;Ýmge;To-Read;Ege Balçýk
Siyasi Düþünce Tarihi;Donald G. Tannenbaum;;To-Read;Ege Balçýk
Osmanlý Ýmparayorluðu 1700-1922;Donald Quataert;Ýletiþim;To-Read;Ege Balçýk
Otostopçunun Galaksi Rehberi;Douglas Adams;Alfa;Read;Ege Balçýk
Kadýnýn Adý Yok;Duygu Asena;Doðan Kitap;Read;Ege Balçýk
Küçük Güzeldir;E.F. Schumacher;Varlýk;To-Read;Ege Balçýk
Kapital Manga 1;East Press;Yordam;To-Read;Ege Balçýk
Kapital Manga 2;East Press;Yordam;To-Read;Ege Balçýk
Nantucketlý Arthur Gordon Pym'in Öyküsü;Edgar Ellan Poe;Ýthaki;Read;Ege Balçýk
Gerçekten Bilmeniz Gereken 50 Ekonomi Fikri;Edmund Cobway;Domingo Yayýnlarý;To-Read;Ege Balçýk
Michael Bakunin;Edward Hallett Carr;Ýletiþim;To-Read;Ege Balçýk
Amaç;Eliyahu M. Goldratt;Optimist;To-Read;Ege Balçýk
Sosyoloji Dersleri;Emile Durkheim;Ýletiþim;To-Read;Ege Balçýk
Sultanýn Casuslarý;Emrah Sefa Gürkan;Kronik;To-Read;Ege Balçýk
Bunu Herkes Bilir;Emrah Sefa Gürkan;Kronik;Read;Ege Balçýk
Basit Bir Es;Enis Batur;Kýrmýzýkedi;Read;Ege Balçýk
Deliliðe Övgü;Erasmus;Cem Yayýnlarý;To-Read;Ege Balçýk
Modernleþen Türkiye'nin Tarihi;Eric Jan Zürcher;Ýletiþim;Read;Ege Balçýk
Sevme Sanatý;Erich Fromm;Say Yayýnlarý;To-Read;Ege Balçýk
Yaþamak Ýçin Sosyalizm;Erkan Baþ;Ýleri;To-Read;Ege Balçýk
Ýmparator;Erol Toy;Yaz Yayýnlarý;To-Read;Ege Balçýk
Lilith;Esra Pekin;Sel Yayýncýlýk;Read;Ege Balçýk
Tanrý Olmak Ýsteyen Otobüs Þoförü;Etgar Keret;Siren;To-Read;Ege Balçýk
Toplumsal Cinsiyet ve Bilim;Evelyn Fox Keller;Metis Yayýnlarý;To-Read;Ege Balçýk
Genin Yüzyýlý;Evelyn Fox Keller;Metis Yayýnlarý;To-Read;Ege Balçýk
Kadýn Budalasý;F. M. Dostoyevski;Bordo Siyah;Read;Ege Balçýk
Dürüst Hýrsýz;F. M. Dostoyevski;Can Yayýnlarý;Read;Ege Balçýk
Yeraltýndan Notlar;F. M. Dostoyevski;Can Yayýnlarý;Read;Ege Balçýk
Budala;F. M. Dostoyevski;Can Yayýnlarý;Read;Ege Balçýk
Karamazov Kardeþler;F. M. Dostoyevski;Can Yayýnlarý;Read;Ege Balçýk
Delikanlý;F. M. Dostoyevski;Ýletiþim;To-Read;Ege Balçýk
Suç Ve Ceza;F. M. Dostoyevski;Ýþ bankasý Kültür Yayýnlarý;Read;Ege Balçýk
Kumarbaz;F. M. Dostoyevski;Ýþ bankasý Kültür Yayýnlarý;Read;Ege Balçýk
Ezilenler;F. M. Dostoyevski;Ýþ bankasý Kültür Yayýnlarý;Read;Ege Balçýk
Muhteþem Gatsby;F. Scott Fitzgerald;Ýþ bankasý Kültür Yayýnlarý;To-Read;Ege Balçýk
Benjamin Button'ýn Tuhaf Hikayesi;F. Scott Fitzgerald;Ýthaki;Read;Ege Balçýk
Algoritma Geliþtirme;Fahri Vatansever;Seçkin;To-Read;Ege Balçýk
Unutulmaz Köy Enstitüleri;Fakir Baykurt;Literatür;Read;Ege Balçýk
Týrpan;Fakir Baykurt;Literatür;Read;Ege Balçýk
Antikomünizm, Ülkücü Hareket, Türkeþ;Fatih Yaþlý;Yordam;To-Read;Ege Balçýk
Tarihin Cinsiyeti;Fatmagül Berktay;Metis Yayýnlarý;To-Read;Ege Balçýk
Tek Tanrýlý Dinler Karþýsýnda Kadýn;Fatmagül Berktay;Metis Yayýnlarý;To-Read;Ege Balçýk
Bir Vegan Ýle Evlendim;Fausto Brizzi;Pan;Read;Ege Balçýk
Huzursuzluðun Kitabý;Fernando Pessoa;Can Yayýnlarý;To-Read;Ege Balçýk
A'mak-ý Hayal;Filibeli Ahmed Hilmi;Kaknüs;To-Read;Ege Balçýk
Göçmek Ne Garip Þey Anne!;Filiz Yavuz;Mundi;To-Read;Ege Balçýk
Þahname 1;Firdevsi;Kabalcý;To-Read;Ege Balçýk
Þahname 2;Firdevsi;Kabalcý;To-Read;Ege Balçýk
Ýçimizdeki Maymun;Frans De Waal;Metis Yayýnlarý;Read;Ege Balçýk
Mama'nýn Son Sarýlýþý;Frans De Waal;Sander Yayýnlarý;To-Read;Ege Balçýk
Ailenin, Özel Mülkiyetin ve Devletin Kökeni;Friedrich Engels;Yordam;To-Read;Ege Balçýk
Türk Þaman Metinleri;Fuzuli Bayat;Ötüken Neþriyat;To-Read;Ege Balçýk
Kadýn Þaman;Fuzuli Bayat;Ötüken Neþriyat;To-Read;Ege Balçýk
Rüzgar Bizi Götürecek;Füruð Ferruhzad;YKY;To-Read;Ege Balçýk
Kýrk Yedililer;Füruzan;YKY;To-Read;Ege Balçýk
Yüzyýllýk Yalnýzlýk;Gabriel Garcia Marquez;Can Yayýnlarý;Read;Ege Balçýk
Baþkan Babamýzýn Sonbaharý;Gabriel Garcia Marquez;Can Yayýnlarý;Read;Ege Balçýk
Kýrmýzý Pazartesi;Gabriel Garcia Marquez;Can Yayýnlarý;Read;Ege Balçýk
Rus Devrimi'nin Kýsa Tarihi;Geoffrey Swann;Ýletiþim;To-Read;Ege Balçýk
Hayvan Çiftliði;George Orwell;Can Yayýnlarý;To-Read;Ege Balçýk
Ýçsavaþdiyarý Feci Düþüþte;George Saunders;Deli Dolu;To-Read;Ege Balçýk
Oblomov;Gonçarov;Ýþ bankasý Kültür Yayýnlarý;Read;Ege Balçýk
Yýlanlar, Gündoðumlarý ve Shakespeare;Gordon H. Orians;Metis Yayýnlarý;To-Read;Ege Balçýk
Shantaram;Gregory David Roberts;Artemis Yayýnlarý;To-Read;Ege Balçýk
Beyaz Zambaklar Ülkesi;Grigoriy Petrov;Ayrýntý;Read;Ege Balçýk
Golem;Gustav Meyrink;Ýthaki;To-Read;Ege Balçýk
Üç Öykü;Gustave Flaubert;Can Yayýnlarý;Read;Ege Balçýk
Doðu Seyahati;Gustave Flaubert;Ýletiþim;Read;Ege Balçýk
Madame Bovary;Gustave Flaubert;Ýþ bankasý Kültür Yayýnlarý;Read;Ege Balçýk
Madam Tellier'nin Evi;Guy De Maupassant;Bordo Siyah;Read;Ege Balçýk
Öyküler;Guy De Maupassant;Epsilon;Read;Ege Balçýk
Prekarya;Guy Standing;Ýletiþim;To-Read;Ege Balçýk
Temel Gelir;Guy Standing;Tellekt;To-Read;Ege Balçýk
Beden Emek Tarih;Gülnur Acar Savran;Dipnot;To-Read;Ege Balçýk
Kadýnýn Görünmeyen Emeði;Gülnur Acar Savran;Yordam;To-Read;Ege Balçýk
Cehenneme Övgü;Gündüz Vassaf;Ýletiþim;Read;Ege Balçýk
Zaman Makinesi;H. G. Wells;Kýrmýzýkedi;Read;Ege Balçýk
Deliliðin Daðlarýnda;H. P. Lovecaft;Ýthaki;Read;Ege Balçýk
Cthulhu’nun Çaðrýsý;H. P. Lovecaft;Ýthaki;To-Read;Ege Balçýk
Karanlýkta Fýsýldayan;H. P. Lovecaft;Ýthaki;To-Read;Ege Balçýk
Aþk-ý Memnu;Halid Ziya Uþaklýgil;Özgür;To-Read;Ege Balçýk
Vurun Kahpeye;Halide Edip Adývar;Can Yayýnlarý;Read;Ege Balçýk
Ermiþ;Halil Cibran;Ýþ bankasý Kültür Yayýnlarý;Read;Ege Balçýk
Meczup;Halil Cibran;Öteki;Read;Ege Balçýk
Devlet-i Aliyye 1;Halil Ýnalcýk;Ýþ bankasý Kültür Yayýnlarý;To-Read;Ege Balçýk
Devlet-i Aliyye 4;Halil Ýnalcýk;Ýþ bankasý Kültür Yayýnlarý;To-Read;Ege Balçýk
Ýstanbul Tarihi Araþtýrmalarý;Halil Ýnalcýk;Ýþ bankasý Kültür Yayýnlarý;To-Read;Ege Balçýk
Rönesans Avrupasý;Halil Ýnalcýk;Ýþ bankasý Kültür Yayýnlarý;To-Read;Ege Balçýk
Kötülüðün Sýradanlýðý;Hannah Arendt;Metis Yayýnlarý;To-Read;Ege Balçýk
"Bekaretin ""El Deðmemiþ"" Tarihi";Hanne Blank;Ýletiþim;To-Read;Ege Balçýk
Talat Paþa;Hans-Lukas Kiezer;Ýletiþim ;To-Read;Ege Balçýk
Bülbülü Öldürmek;Harper Lee;Sel Yayýncýlýk;To-Read;Ege Balçýk
Bülbülü Öldürmek;Harper Lee;Sel Yayýncýlýk;To-Read;Ege Balçýk
Gölgesizler;Hasan Ali Toptaþ;Everest;To-Read;Ege Balçýk
Bir Kadýný Öldürmeye Nereden Baþlamalý?;Hatice Meryem;Ýletiþim;Read;Ege Balçýk
Gündelik Hayatýn Eleþtirisi 1;Henri Lefebvre;Sel Yayýncýlýk;To-Read;Ege Balçýk
Yürek Burgusu;Henry James;Ýthaki;Read;Ege Balçýk
The Turn Of The Screw;Henry James;MK Publications;Read;Ege Balçýk
Moby Dick;Herman Melville;YKY;Read;Ege Balçýk
Narziss ve Goldmund;Hermann Hesse;YKY;Read;Ege Balçýk
Körburun;Hikmet Hükümenoðlu;Can Yayýnlarý;To-Read;Ege Balçýk
Ýlyada;Homeros;Ýþ bankasý Kültür Yayýnlarý;To-Read;Ege Balçýk
Odysseia;Homeros;Ýþ bankasý Kültür Yayýnlarý;To-Read;Ege Balçýk
Vadideki Zambak;Honore De Balzac;Ýþ bankasý Kültür Yayýnlarý;To-Read;Ege Balçýk
Otranto Þatosu;Horace Walpole;Ýþ bankasý Kültür Yayýnlarý;Read;Ege Balçýk
Kuyruklu Yýldýz Altýnda Bir Evlenme;Hüseyin Rahmi Gürpýnar;Özgür;Read;Ege Balçýk
Annem ve Hayatýn Anlamý;Irvin Yalom;Kabalcý;To-Read;Ege Balçýk
Ölüm Korkusunu Yenmek;Irvin Yalom;Kabalcý;Read;Ege Balçýk
Gökteki Çakýl Taþý;Isaac Asimov;Ýthaki;To-Read;Ege Balçýk
Uzay Akýmlarý;Isaac Asimov;Ýthaki;To-Read;Ege Balçýk
Toz Gibi Yýldýzlar;Isaac Asimov;Ýthaki;To-Read;Ege Balçýk
Ýkinci Vakýf;Isaac Asimov;Ýthaki;To-Read;Ege Balçýk
Vakýf ve Ýmparatorluk;Isaac Asimov;Ýthaki;To-Read;Ege Balçýk
Vakýf;Isaac Asimov;Ýthaki;To-Read;Ege Balçýk
Bir Kýþ Gecesi Eðer Bir Yolcu;Italo Calvino;YKY;To-Read;Ege Balçýk
Ýlk Aþk;Ý. S. Turgenyev;Ýletiþim;To-Read;Ege Balçýk
Ma Sekerdo Kardaþ?;Ýlhami Algör;Ýletiþim;To-Read;Ege Balçýk
Fakat Müzeyyen Bu Derin Bir Tutku;Ýlhami Algör;Ýletiþim;Read;Ege Balçýk
Mülksüzleþtirme ve Türkleþtirme;Ýlkay Öz;Ýletiþim;Read;Ege Balçýk
Muhibbi;Ýskender Pala;Kapý;Read;Ege Balçýk
Canlandýrýlacak Köy;Ýsmail Hakký Tonguç;Ýþ bankasý Kültür Yayýnlarý;To-Read;Ege Balçýk
Tosun Bank;Ýsmail Saymaz;Ýletiþim;Read;Ege Balçýk
Çavdar Tarlasýnda Çocuklar;J. D. Salinger;YKY;To-Read;Ege Balçýk
Hayvan Haklarý ve Pornografi;J. Eric Miller;6.45 Yayýnlarý;Read;Ege Balçýk
Paul ile Virginie;J. H. Bernardin de Saint-Pierre;Ýþ bankasý Kültür Yayýnlarý;To-Read;Ege Balçýk
Toplum Sözleþmesi;J. J. Rousseau;Ýþ bankasý Kültür Yayýnlarý;Read;Ege Balçýk
Harry Potter ve Felsefe Taþý;J. K. Rowling;YKY;Read;Ege Balçýk
Taþrada Bir Ay;J. L. Carr;Jaguar;Read;Ege Balçýk
Carmilla;J. Sheridan Le Fanu;Ýthaki;To-Read;Ege Balçýk
Melek Kavþaðý;Jachym Topol;Dergah;To-Read;Ege Balçýk
Demir Ökçe;Jack London;Ýþ bankasý Kültür Yayýnlarý;To-Read;Ege Balçýk
Martin Eden;Jack London;Ýþ bankasý Kültür Yayýnlarý;Read;Ege Balçýk
Cahil Hoca;Jacques Ranciere;Metis Yayýnlarý;To-Read;Ege Balçýk
Tahýla Karþý;James C. Scott;Küy;To-Read;Ege Balçýk
Gurur ve Önyargý;Jane Austen;Ýþ bankasý Kültür Yayýnlarý;Read;Ege Balçýk
Sense and Sensibility;Jane Austen;Macmillan;Read;Ege Balçýk
Üçüncü Þempanze;Jared Diamond;Alfa;To-Read;Ege Balçýk
Tüfek, Mikrop ve Çelik;Jared Diamond;Pegasus Yayýnlarý;To-Read;Ege Balçýk
Eski Türk Mitolojisi;Jean-Paul Roux;Bilgesu Yayýnlarý;To-Read;Ege Balçýk
Kara Örümcek;Jeremias Gotthelf;Ýthaki;To-Read;Ege Balçýk
Ýtfaiyeci;Joe Hill;Ýthaki;To-Read;Ege Balçýk
Þe7t4n;Joe Hill;Ýthaki;To-Read;Ege Balçýk
Doðanýn Düþmaný;Joel Kovel;Metis Yayýnlarý;To-Read;Ege Balçýk
Ortaçaðýn Sonbaharý;Johan Huizinga;Alfa;To-Read;Ege Balçýk
Genç Werther'in Acýlarý;Johann Wolfgang von Goethe;Can Yayýnlarý;Read;Ege Balçýk
Faust;Johann Wolfgang von Goethe;Islýk;Read;Ege Balçýk
The Boy In The Striped Pyjamas;John Boyne;Black Swan;Read;Ege Balçýk
Para Üzerine Bir Ýnceleme;John Maynard Keynes;Ýþ bankasý Kültür Yayýnlarý;To-Read;Ege Balçýk
Bilinmeyen Bir Tanrýya;John Steinbeck;Bilgi Yayýnevi;To-Read;Ege Balçýk
Ýnci;John Steinbeck;Sel Yayýncýlýk;Read;Ege Balçýk
Gazap Üzümleri;John Steinbeck;Sel Yayýncýlýk;Read;Ege Balçýk
Vampir;John William Polidori;Ýthaki;To-Read;Ege Balçýk
Balýklarýn Bildikleri;Jonathan Balcombe;Metis Yayýnlarý;To-Read;Ege Balçýk
Gulliver Cüceler Ülkesinde;Jonathan Swift;Cumhuriyet;Read;Ege Balçýk
Körlük;Jose Saramago;Kýrmýzýkedi;To-Read;Ege Balçýk
Görmek;Jose Saramago;Kýrmýzýkedi;To-Read;Ege Balçýk
Feminist Teori;Josephine Donovan;Ýletiþim;To-Read;Ege Balçýk
Simone De Beauvoir Aramýzda;Julia Kristeva;Sel Yayýncýlýk;To-Read;Ege Balçýk
Tavan Arasýndaki Buda;Julie Otsuka;Domingo Yayýnlarý;Read;Ege Balçýk
Daraðacýndan Notlar;Julius Fucik;Yordam;Read;Ege Balçýk
Tanrýnýn Tarihi;Karen Armstrong;Pegasus Yayýnlarý;To-Read;Ege Balçýk
Devlet ve Hukuk;Karl Marx-Friedrich Engels;Ayrýntý;To-Read;Ege Balçýk
Ekonomi Kitabý;Karma;Alfa;To-Read;Ege Balçýk
Feminizm Kitabý;Karma;Alfa;To-Read;Ege Balçýk
1918 Sovyet Anayasasý;Karma;Ceylan;Read;Ege Balçýk
Modern Türkiye'de Siyasi Düþünce 8-Sol;Karma;Ýletiþim;To-Read;Ege Balçýk
Modern Türkiye'de Siyasi Düþünce 10-Feminizm;Karma;Ýletiþim;To-Read;Ege Balçýk
Küreselleþme Çaðýnda Göç;Karma;Ýletiþim;To-Read;Ege Balçýk
Son Gerisayým: Avrupa, Mülteciler ve Sol;Karma;Metis Yayýnlarý;To-Read;Ege Balçýk
Komünizm Fikri;Karma;Metis Yayýnlarý;To-Read;Ege Balçýk
Gaflet;Karma;Metis Yayýnlarý;To-Read;Ege Balçýk
Raký Ansiklopedisi;Karma;Overteam Yayýncýlýk;To-Read;Ege Balçýk
Sosyalizm 101;Kathleen Sears;Say Yayýnlarý;To-Read;Ege Balçýk
Mitoloji 101;Kathleen Sears;Say Yayýnlarý;To-Read;Ege Balçýk
Osmanlý Modernleþmesi;Kemal H. Karpat;Timaþ Yayýnlarý;To-Read;Ege Balçýk
Osmanlý Tarihinin Kýsa Sosyal Tarihi;Kemal H. Karpat;Timaþ Yayýnlarý;To-Read;Ege Balçýk
Sosyolojiye Giriþ;Ken Browne;;To-Read;Ege Balçýk
Anatomi 101;Kevin Langford;Say Yayýnlarý;To-Read;Ege Balçýk
Kadýnlar Adasý;Kiran Millwood Hargrave;Ýthaki;To-Read;Ege Balçýk
Açlýk;Knut Hamsun;Varlýk;To-Read;Ege Balçýk
Diriliþ;L. N. Tolstoy;Can Yayýnlarý;Read;Ege Balçýk
Kroyçer Sonat;L. N. Tolstoy;Ýletiþim;Read;Ege Balçýk
Kazaklar;L. N. Tolstoy;Ýskele;Read;Ege Balçýk
Anna Karenina;L. N. Tolstoy;Ýþ bankasý Kültür Yayýnlarý;To-Read;Ege Balçýk
Ývan Ýlyiç'in Ölümü;L. N. Tolstoy;Ýþ bankasý Kültür Yayýnlarý;Read;Ege Balçýk
Ýnsan Ne Ýle Yaþar?;L. N. Tolstoy;Ýþ bankasý Kültür Yayýnlarý;Read;Ege Balçýk
Savaþ ve Barýþ 1;L. N. Tolstoy;Sosyal Yayýnlar;To-Read;Ege Balçýk
Savaþ ve Barýþ 2;L. N. Tolstoy;Sosyal Yayýnlar;To-Read;Ege Balçýk
Savaþ ve Barýþ 3;L. N. Tolstoy;Sosyal Yayýnlar;To-Read;Ege Balçýk
Savaþ ve Barýþ 4;L. N. Tolstoy;Sosyal Yayýnlar;To-Read;Ege Balçýk
Yalnýzlýðýn Felsefesi;Lars Svendsen;Redingot;To-Read;Ege Balçýk
Sevgili Arsýz Ölüm;Latife Tekin;Can Yayýnlarý;Read;Ege Balçýk
Kürklü Venüs;Leopold Von Sacher-Masoch;Ayrýntý;To-Read;Ege Balçýk
Modern Zamanýn Tarihi;Levent Yýlmaz;Metis Yayýnlarý;To-Read;Ege Balçýk
Olgunlaþmamýþ Ebeveynlerin Yetiþkin Çocuklarý;Lindsay C. Gibson;Sola Unitas;To-Read;Ege Balçýk
Týrmanýþ;Ludwig Hohl;Sahi Kitap;Read;Ege Balçýk
Biri, Hiçbiri, Binlercesi;Luigi Pirandello;Aylak Adam;To-Read;Ege Balçýk
Ekonominin Temelleri;Mahfi Eðilmez;Remzi;To-Read;Ege Balçýk
Mikroekonomi;Mahfi Eðilmez;Remzi;To-Read;Ege Balçýk
Deðiþim Sürecinde Türkiye;Mahfi Eðilmez;Remzi;Read;Ege Balçýk
Inferis;Mahfi Eðilmez;Remzi;Read;Ege Balçýk
Çocukluðum;Maksim Gorki;Nobel;Read;Ege Balçýk
Ana;Maksim Gorki;Sosyal Yayýnlar;To-Read;Ege Balçýk
Swann'larýn Tarafý;Marcel Proust;YKY;To-Read;Ege Balçýk
Damýzlýk Kýzýn Öyküsü;Margaret Atwood;Doðan Kitap;To-Read;Ege Balçýk
Ýstanbullu Rum bir Ailenin Mutfak Serüveni;Marianna Yerasimos;YKY;To-Read;Ege Balçýk
Kadýnlara Karþý Savaþ;Marilyn French;Metis Yayýnlarý;To-Read;Ege Balçýk
Baba;Mario Puzo;E Yayýnlarý;Read;Ege Balçýk
Adem'le Havva'nýn Güncesi;Mark Twain;YKY;Read;Ege Balçýk
Yatak Odasýnda Felsefe;Marquis de Sade;Ýthaki;To-Read;Ege Balçýk
Robotlarýn Yükseliþi;Martin Ford;Kronik;To-Read;Ege Balçýk
Frankenstein;Mary Shelley;Ýletiþim;Read;Ege Balçýk
Mathilda;Mary Shelley;Ýthaki;To-Read;Ege Balçýk
Kadýn Haklarýnýn Gerekçelendirilmesi;Mary Wollstonecraft;Kafka Kitap;Read;Ege Balçýk
Ekin Sapý Devrimi;Masanobu Fukuoka;Kaos;To-Read;Ege Balçýk
Atlarý Baðlayýn Geceyi Burada Geçireceðiz;Melisa Kesmez;Ýletiþim;Read;Ege Balçýk
Nohut Oda;Melisa Kesmez;Ýletiþim;Read;Ege Balçýk
Bilinmeyen Sular;Mevsim Yenice;Can Yayýnlarý;Read;Ege Balçýk
Momo;Michael Ende;Kabalcý;To-Read;Ege Balçýk
Bu Bir Pipo Deðildir;Michel Foucault;YKY;To-Read;Ege Balçýk
Don Quijote;Miguel de Cervantes Saavedra;YKY;To-Read;Ege Balçýk
Usta ile Margarita;Mihail Bulgakov;Can Yayýnlarý;To-Read;Ege Balçýk
Genç Bir Doktorun Anýlarý;Mihail Bulgakov;Ýþ bankasý Kültür Yayýnlarý;Read;Ege Balçýk
Dinler Tarihine Giriþ;Mircea Eliade;Alfa;To-Read;Ege Balçýk
Mitlerin Özellikleri;Mircea Eliade;Alfa;To-Read;Ege Balçýk
Kibarlýk Budalasý;Moliere;Ýþ bankasý Kültür Yayýnlarý;Read;Ege Balçýk
Cimri;Moliere;Ýþ bankasý Kültür Yayýnlarý;Read;Ege Balçýk
Denemeler;Montaigne;Cem Yayýnlarý;To-Read;Ege Balçýk
Kuran, Ýncil ve Tevrat'ýn Sümer'deki Kökeni;Muazzez Ýlmiye Çýð;Kaynak Yayýnlarý;Read;Ege Balçýk
Kirpinin Zarafeti;Muriel Barbery;Kýrmýzýkedi;Read;Ege Balçýk
Son Tiryaki;Müfit Özdeþ;Metis Yayýnlarý;Read;Ege Balçýk
Ölü Ozanlar Derneði;N. H. Kleinbaum;L&R;To-Read;Ege Balçýk
Ölü Ozanlar Derneði;N. H. Kleinbaum;NK;To-Read;Ege Balçýk
Dil Meseleleri;Necmiye Alpay;Metis Yayýnlarý;To-Read;Ege Balçýk
Dilimiz, Dillerimiz;Necmiye Alpay;Metis Yayýnlarý;Read;Ege Balçýk
Marxist Dünya Tarihi;Neil Faulkner;Yordam;To-Read;Ege Balçýk
Mezarlýk Kitabý;Neil Gaiman;Ýthaki;Read;Ege Balçýk
Prens;Niccolo Machiavelli;Can Yayýnlarý;To-Read;Ege Balçýk
Nasýl Yapmalý?;Nikolay Gavriloviç Çerniþevskiy;Kor;To-Read;Ege Balçýk
Ölü Canlar;Nikolay Vasilyeviç Gogol;Ýþ bankasý Kültür Yayýnlarý;Read;Ege Balçýk
Palto;Nikolay Vasilyeviç Gogol;Ýthaki;Read;Ege Balçýk
Günaha Son Çaðrý;Nikos Kazancakis;Can Yayýnlarý;To-Read;Ege Balçýk
Zorba;Nikos Kazancakis;Can Yayýnlarý;Read;Ege Balçýk
Siyasetname;Nizamü'l-Mülk;Ýþ bankasý Kültür Yayýnlarý;To-Read;Ege Balçýk
Bir Bilim Adamýnýn Romaný: Mustafa Ýnan;Oðuz Atay;Ýletiþim;Read;Ege Balçýk
Nöbetleþe Yoksulluk;Oðuz Iþýk-M. Melih Pýnarcýoðlu;Ýletiþim;To-Read;Ege Balçýk
Eski Yunan ve Roma Tarihine Giriþ;Oðuz Tekin;Ýletiþim;To-Read;Ege Balçýk
Java Ýle Programlamaya Giriþ;Olcay Taner Yýldýz;Seçkin;To-Read;Ege Balçýk
Hürrem Sultan;Oleksandra Þutko;Kitap Yayýnevi;To-Read;Ege Balçýk
Osmanlý'da Esrar ve Esrarkeþler;Onur Gezer;Ýletiþim;To-Read;Ege Balçýk
Ýktisat Sözlüðü;Orhan Hançerlioðlu;Remzi;To-Read;Ege Balçýk
Cemile;Orhan Kemal;Everest;Read;Ege Balçýk
Veba Geceleri;Orhan Pamuk;YKY;To-Read;Ege Balçýk
Kafamda Bir Tuhaflýk;Orhan Pamuk;YKY;To-Read;Ege Balçýk
Cevdet Bey ve Oðullarý;Orhan Pamuk;YKY;Read;Ege Balçýk
Masumiyet Müzesi;Orhan Pamuk;YKY;Read;Ege Balçýk
Dedem Korkudun Kitabý;Orhan Þaik Gökyay;Kabalcý;To-Read;Ege Balçýk
Hani;Oruç Aruoba;Metis Yayýnlarý;Read;Ege Balçýk
ile;Oruç Aruoba;Metis Yayýnlarý;Read;Ege Balçýk
Dorian Grey'in Portresi;Oscar Wilde;Can Yayýnlarý;Read;Ege Balçýk
Aþk, Özgürlük, Tekbaþýnalýk;Osho;Butik;Read;Ege Balçýk
80 Yaþ Zor Zamanlar Günlükleri;Oya Baydar;Can Yayýnlarý;To-Read;Ege Balçýk
Gerçek Hayat;Oylum Yýlmaz;Ýletiþim;Read;Ege Balçýk
Cadý;Oylum Yýlmaz;Ýletiþim;Read;Ege Balçýk
Rubailer;Ömer Hayyam;Ýþ bankasý Kültür Yayýnlarý;Read;Ege Balçýk
Kum Tefrikalarý;Ömür Ýklim Demir;YKY;To-Read;Ege Balçýk
Muhtelif Evhamlar Kitabý;Ömür Ýklim Demir;YKY;Read;Ege Balçýk
Yuvarlaðýn Köþeleri;Özdemir Asaf;Ýþ bankasý Kültür Yayýnlarý;Read;Ege Balçýk
Nurbanu ve Safiye Sultan;Özlem Kumrular;Doðan Kitap;Read;Ege Balçýk
Tembellik Hakký;Paul Lafargue;Aylak Adam;Read;Ege Balçýk
Master Algoritma;Pedro Domingos;Paloma;To-Read;Ege Balçýk
Dört Gelecek;Peter Frase;Küy;Read;Ege Balçýk
Müzakere 101;Peter Sander;Say Yayýnlarý;To-Read;Ege Balçýk
Fikirler Tarihi;Peter Watson;YKY;To-Read;Ege Balçýk
Büyük Ekonomistler;Phil Thornton;Ýþ bankasý Kültür Yayýnlarý;To-Read;Ege Balçýk
Sürüne Sürüne Erkek Olmak;Pýnar Selek;Ýletiþim;To-Read;Ege Balçýk
Mülkiyet Nedir?;Pierre-Joseph Proudhon;Ýþ bankasý Kültür Yayýnlarý;To-Read;Ege Balçýk
Sokrates'in Savunmasý;Platon;Ýþ bankasý Kültür Yayýnlarý;Read;Ege Balçýk
Þölen-Dostluk;Platon;Ýþ bankasý Kültür Yayýnlarý;Read;Ege Balçýk
Göç;R. A. Salvatore;Ýthaki;Read;Ege Balçýk
Anayurt;R. A. Salvatore;Laika;Read;Ege Balçýk
Sürgün;R. A. Salvatore;Laika;Read;Ege Balçýk
Lüzumsuz Kadýn;Rabih Alameddine ;Budala Kitap;To-Read;Ege Balçýk
Uðursuz Bir Þey Geliyor Bu Yana;Ray Bradbury;Ýthaki;To-Read;Ege Balçýk
Sonbahar Ülkesi;Ray Bradbury;Ýthaki;To-Read;Ege Balçýk
Cadýlar Bayramý Aðacý;Ray Bradbury;Ýthaki;To-Read;Ege Balçýk
Mars Yýllýklarý;Ray Bradbury;Ýthaki;Read;Ege Balçýk
Fahrenheit 451;Ray Bradbury;Ýthaki;Read;Ege Balçýk
Seçme Ýkilemi;Renata Salecl;Metis Yayýnlarý;To-Read;Ege Balçýk
Yöntem Üzerine Konuþma;Rene Descartes;Alfa;To-Read;Ege Balçýk
Kösem Sultan;Reþad Ekrem Koçu;Doðan Kitap;To-Read;Ege Balçýk
Binbirdirek Batakhanesi Cevahirli Hanýmsultan;Reþad Ekrem Koçu;Doðan Kitap;Read;Ege Balçýk
Aþk Yolunda Ýstanbul'da Neler Olmuþ;Reþad Ekrem Koçu;Doðan Kitap;Read;Ege Balçýk
Fatih Sultan Mehmed;Reþad Ekrem Koçu;Doðan Kitap;Read;Ege Balçýk
Çalýkuþu;Reþad Nuri Güntekin;Ýnkýlap;Read;Ege Balçýk
Bir Türkleþtirme Serüveni 1923-1945;Rýfat N. Bali;Ýletiþim;To-Read;Ege Balçýk
Dünya Yönetmenlerinden Sinema Dersleri;Rýza Oylum;Seyyah Kitap;To-Read;Ege Balçýk
Bira;Rick Kempen;Kolektif Kitap;To-Read;Ege Balçýk
Duygulara Sadakat;Robert C. Solomon;Nika;To-Read;Ege Balçýk
Dünyanýn Gözü-Zaman Çarký 1;Robert Jordan;Ýthaki;To-Read;Ege Balçýk
Gölge Yükseliyor-Zaman Çarký 4;Robert Jordan;Ýthaki;To-Read;Ege Balçýk
Dr. Jekyll ile Bay Hyde;Robert Louis Stevenson;Ýthaki;Read;Ege Balçýk
Kuyucaklý Yusuf;Sabahattin Ali;YKY;To-Read;Ege Balçýk
Ýçimizdeki Þeytan;Sabahattin Ali;YKY;To-Read;Ege Balçýk
Kör Baykuþ;Sadýk Hidayet;YKY;Read;Ege Balçýk
Ekonomi Dersleri;Sadun Aren;Ýmge;To-Read;Ege Balçýk
Tarih Sümer'de Baþlar;Samuel Noah Kramer;Kabalcý;To-Read;Ege Balçýk
Efsun;Selahattin Demirtaþ;Dipnot;To-Read;Ege Balçýk
Tante Rosa;Sevgi Soysal;Ýletiþim;Read;Ege Balçýk
Çaðdaþ Sosyal Teorisyenler 1;Sezgin Kýzýlçelik;Aný;To-Read;Ege Balçýk
Kadýnlar ve Sosyalizm;Sharon Smith;Yordam;To-Read;Ege Balçýk
Yeni Bir Çað Hayali;Sheila Rowbotham;Sel Yayýncýlýk;To-Read;Ege Balçýk
Genç Kýzlýk Çaðý;Simone De Beauvoir;Pavel;To-Read;Ege Balçýk
Kral Oidipus;Sophokles;Ýþ bankasý Kültür Yayýnlarý;Read;Ege Balçýk
Hareket Ýblisi;Stefan Grabinski;Ýthaki;To-Read;Ege Balçýk
Dünün Dünyasý;Stefan Zweig;Can Yayýnlarý;To-Read;Ege Balçýk
Marie-Antoinette;Stefan Zweig;Can Yayýnlarý;Read;Ege Balçýk
Üç Büyük Usta;Stefan Zweig;Ýþ bankasý Kültür Yayýnlarý;To-Read;Ege Balçýk
Melezler;Stephen Graham Jones;Ýthaki;To-Read;Ege Balçýk
Ivýr Zývýr Öyküler;Stephen Leacock;Dedalus;To-Read;Ege Balçýk
Yunan Mitolojisi Rehber Kitabý;Stephen P. Kershaw;Salon Yayýnlarý;To-Read;Ege Balçýk
Neredeyse Bir Balina;Steve Jones;Evrensel Basým Yayýn;To-Read;Ege Balçýk
21. Yüzyýlda Beyin;Steven Rose;Ginko;To-Read;Ege Balçýk
Sýrça Fanus;Sylvia Plath;Kýrmýzýkedi;Read;Ege Balçýk
Tek Adam 1;Þevket Süreyya Aydemir;Remzi;To-Read;Ege Balçýk
Zamanýn Kelimeleri;Tanýl Bora;Birikim Kitaplarý;To-Read;Ege Balçýk
Talebe;Tara Westover;Domingo Yayýnlarý;Read;Ege Balçýk
Materyalizm;Terry Eagleton;Tellekt;To-Read;Ege Balçýk
Ýktisat Tarihi;Tevfik Güran;Der Yayýnlarý;To-Read;Ege Balçýk
ýmmanuel Kant'ýn Son Günleri;Thomas de Quincey;Ketebe Yayýnlarý;To-Read;Ege Balçýk
Adsýz Sansýz Bir Jude;Thomas Hardy;Ýletiþim;To-Read;Ege Balçýk
Buddenbrooklar;Thomas Mann;Can Yayýnlarý;To-Read;Ege Balçýk
Dünya Tarihi 101;Tom Head;Say Yayýnlarý;Read;Ege Balçýk
Parfümün Dansý;Tom Robbins;Ayrýntý;Read;Ege Balçýk
Ýnfazcý;Trevanian;E Yayýnlarý;Read;Ege Balçýk
Shibumi;Trevanian;E Yayýnlarý;Read;Ege Balçýk
Tiffany'de Kahvaltý;Truman Capote;Sel Yayýncýlýk;Read;Ege Balçýk
Anneanne, Ben Aslýnda Diyarbakýr'da Deðildim;Tuðçe Tatari;Doðan Kitap;Read;Ege Balçýk
Kulleteyn;Turan Dursun;Kaynak Yayýnlarý;To-Read;Ege Balçýk
Romantika;Turgut Özakman;Bilgi Yayýnevi;Read;Ege Balçýk
Büyük Saat;Turgut Uyar;YKY;To-Read;Ege Balçýk
Göðe Bakma Duraðý;Turgut Uyar;YKY;Read;Ege Balçýk
Malafrena;Ursula K. Le Guin;Metis Yayýnlarý;To-Read;Ege Balçýk
Yerdeniz;Ursula K. Le Guin;Metis Yayýnlarý;To-Read;Ege Balçýk
Erkek Doðrama Cemiyeti Manifestosu;Valerie Solanas;Sel Yayýncýlýk;Read;Ege Balçýk
Güven 1;Vedat Türkali;Ayrýntý;To-Read;Ege Balçýk
Güven 2;Vedat Türkali;Ayrýntý;To-Read;Ege Balçýk
Bir Gün Tek Baþýna;Vedat Türkali;Ayrýntý;Read;Ege Balçýk
Bir Ýdam Mahkumunun Son Günü;Victor Hugo;Can Yayýnlarý;Read;Ege Balçýk
Sefiller 1;Victor Hugo;Oda Yayýnlarý;To-Read;Ege Balçýk
Sefiller 2;Victor Hugo;Oda Yayýnlarý;To-Read;Ege Balçýk
Theo'ya Mektuplar;Vincent Van Gogh;YKY;To-Read;Ege Balçýk
Kendine Ait Bir Oda;Virginia Woolf;Ýndigo;To-Read;Ege Balçýk
Candide;Voltaire;Alfa;Read;Ege Balçýk
Tanrýsýz Ahlak?;Walter Sinnott-Armstrong;Ayrýntý;Read;Ege Balçýk
Uykulu Kuytu Söylencesi;Washington Irving;Ýthaki;To-Read;Ege Balçýk
Güz Alacakaranlýðý Ejderhalarý;Weis & Hickman;Ýthaki;To-Read;Ege Balçýk
Tüklük ve Þamanlýk;Wilhelm Radloff;Örgün;To-Read;Ege Balçýk
Julius Caesar;William Shakespeare;Ýþ bankasý Kültür Yayýnlarý;Read;Ege Balçýk
Bir Yaz Gecesi Rüyasý;William Shakespeare;Ýþ bankasý Kültür Yayýnlarý;Read;Ege Balçýk
Romeo ve Juliet;William Shakespeare;Ýþ bankasý Kültür Yayýnlarý;Read;Ege Balçýk
Kral Lear;William Shakespeare;Ýþ bankasý Kültür Yayýnlarý;Read;Ege Balçýk
Hamlet;William Shakespeare;Maarif Matbaasý;Read;Ege Balçýk
Kapýlarýn Dýþýnda;Wolfgang Borchert;Can Yayýnlarý;Read;Ege Balçýk
Jöntürk Hareketi;Y. A. Petrosyan;Yordam;To-Read;Ege Balçýk
Yalanýn Siyaseti;Yalýn Alpay;Destek;To-Read;Ege Balçýk
Kýzýmla Ekonomi Sohbetleri;Yanis Varoufakis;Epsilon;Read;Ege Balçýk
Kadýnsýz Ýnkýlap;Yaprak Zihnioðlu;Metis Yayýnlarý;To-Read;Ege Balçýk
Türk Mitolojisinin Ana Hatlarý;Yaþar Çoruhlu;Ötüken Neþriyat;Reading;Ege Balçýk
Teneke;Yaþar Kemal;Adam;Read;Ege Balçýk
Çakýrcalý Efe;Yaþar Kemal;Adam;Read;Ege Balçýk
Demirciler Çarþýsý Cinayeti;Yaþar Kemal;YKY;To-Read;Ege Balçýk
Binboðalar Efsanesi;Yaþar Kemal;YKY;To-Read;Ege Balçýk
Fýrat Suyu Kan Akýyor Baksana;Yaþar Kemal;YKY;To-Read;Ege Balçýk
Filler Sultaný Ýle Kýrmýzý Sakallý Topal Karýnca;Yaþar Kemal;YKY;Read;Ege Balçýk
Yýlaný Öldürseler;Yaþar Kemal;YKY;Read;Ege Balçýk
Ýnce Memed 1;Yaþar Kemal;YKY;Read;Ege Balçýk
Biz;Yevgeni Zamyatin;Versus;Read;Ege Balçýk
Anayurt Oteli;Yusuf Atýlgan;YKY;To-Read;Ege Balçýk
Homo Deus;Yuval Noah Harari;Kolektif Kitap;To-Read;Ege Balçýk
Sapiens;Yuval Noah Harari;Kolektif Kitap;Read;Ege Balçýk
Gizli Kamera;Zoran Zivkovic;Zepros;Read;Ege Balçýk
Baþka Zaman Kütüphaneleri;Zoran Zivkovic;Zepros;Read;Ege Balçýk
Eðitim Üzerine;Zygmunt Bauman;Ayrýntý;To-Read;Ege Balçýk
Borçlu Zamanlarda Yaþamak;Zygmunt Bauman;Ayrýntý;To-Read;Ege Balçýk
Sosyolojik Düþünmek;Zygmunt Bauman;Ayrýntý;To-Read;Ege Balçýk
Azýnlýðýn Zenginliði Hepimizin Çýkarýna Mýdýr?;Zygmunt Bauman;Ayrýntý;Read;Ege Balçýk
Modernite, Kapitalizm, Sosyalizm;Zygmunt Bauman;Say Yayýnlarý;To-Read;Ege Balçýk
Dünya Sanat Tarihi;;Alfa;To-Read;Ege Balçýk
